seed,first_fragmentation_op,first_request_class,first_allocator_class,first_requested_size,first_required_block_size,first_total_free,first_largest_free,allocation_successes,capacity_failures,fragmentation_failures,bug_or_policy_failures,layout_valid
1,393,8,2,160,192,224,176,437,311,2,0,1
2,121,10,4,835,880,960,688,447,301,2,0,1
3,111,9,3,301,336,400,272,465,283,2,0,1
4,0,0,0,0,0,0,0,420,330,0,0,1
5,63,12,6,2224,2256,2608,1504,467,281,2,0,1
6,869,6,1,57,96,96,48,394,355,1,0,1
7,85,10,4,783,816,880,656,438,310,2,0,1
8,261,6,1,45,80,96,48,455,289,6,0,1
9,521,10,4,779,816,832,432,463,284,3,0,1
10,0,0,0,0,0,0,0,431,319,0,0,1
11,115,12,6,2404,2448,3312,1760,452,293,5,0,1
12,0,0,0,0,0,0,0,416,334,0,0,1
13,377,6,1,33,80,96,48,407,339,4,0,1
14,677,5,0,19,64,96,48,407,342,1,0,1
15,438,5,0,26,64,96,48,437,311,2,0,1
16,0,0,0,0,0,0,0,441,309,0,0,1
17,178,9,3,341,384,496,256,413,336,1,0,1
18,449,8,2,172,208,256,160,398,351,1,0,1
19,954,7,1,68,112,144,80,416,333,1,0,1
20,105,12,6,3545,3584,4096,2416,466,282,2,0,1
21,282,11,5,1917,1952,2400,1280,442,306,2,0,1
22,669,8,2,164,208,208,144,414,335,1,0,1
23,214,10,4,704,736,880,592,440,309,1,0,1
24,0,0,0,0,0,0,0,404,346,0,0,1
25,133,7,2,119,160,192,144,456,291,3,0,1
26,302,10,4,902,944,1456,672,440,308,2,0,1
27,845,6,1,55,96,96,48,440,309,1,0,1
28,0,0,0,0,0,0,0,380,370,0,0,1
29,170,11,5,1923,1968,2384,1296,435,312,3,0,1
30,63,12,6,2709,2752,3200,2464,475,272,3,0,1
